{
    "show": true,
    "active": false,
    "child_frame": "above_table",
    "parent_frame": "base",
    "transform": {
        "translation": {
            "x": -0.08806015220174226,
            "y": -0.3860196753675385,
            "z": -0.021091988498853853
        },
        "rotation": {
            "x": 0.0,
            "y": 0.0,
            "z": 0.0,
            "w": 1.0
        }
    },
    "preferred_joint_configuration": {
        "j0": -1.6115520636187952,
        "j1": -2.213560720483297,
        "j2": -1.649400234222412,
        "j3": -0.8480562728694458,
        "j4": 1.574505090713501,
        "j5": 3.0992801189422607
    }
}