{
    "show": true,
    "active": false,
    "child_frame": "above_table",
    "parent_frame": "locked_aruco_0",
    "transform": {
        "translation": {
            "x": -0.1858804557534912,
            "y": -0.26817207324981757,
            "z": 0.23057027205287184
        },
        "rotation": {
            "x": 0.03672499249120733,
            "y": 0.1645108093382376,
            "z": 0.7054433407821339,
            "w": 0.6884309416953459
        }
    },
    "preferred_joint_configuration": {
        "j0": 0.5231329202651978,
        "j1": -0.6337195199779053,
        "j2": 1.4706490675555628,
        "j3": -2.411562582055563,
        "j4": -1.5723684469806116,
        "j5": -2.7386613527881067
    }
}