{
    "show": true,
    "active": false,
    "child_frame": "cam_pos1",
    "parent_frame": "base",
    "transform": {
        "translation": {
            "x": -0.3248943593589617,
            "y": -0.4145296358297893,
            "z": 0.08748980756630875
        },
        "rotation": {
            "x": 0.8228310325075775,
            "y": -0.41210489371062936,
            "z": -0.17850535622085273,
            "w": 0.34821614885402913
        }
    },
    "preferred_joint_configuration": {
        "j0": 0.6327797770500183,
        "j1": -0.5462361139110108,
        "j2": 1.2005255858050745,
        "j3": -1.4583853048137208,
        "j4": -1.5801776091205042,
        "j5": -1.853286091481344
    }
}