{
    "show": true,
    "active": false,
    "child_frame": "convpos",
    "parent_frame": "base",
    "transform": {
        "translation": {
            "x": -0.4852420099661633,
            "y": 0.2179762725165246,
            "z": -0.12624501440747982
        },
        "rotation": {
            "x": 0.014313728899103486,
            "y": -0.017107952158366586,
            "z": 0.8788080202389829,
            "w": -0.4766538562747496
        }
    },
    "preferred_joint_configuration": {
        "j0": -0.563540283833639,
        "j1": -0.1609470409205933,
        "j2": 0.6131566206561487,
        "j3": -2.0668498478331507,
        "j4": -1.5625293890582483,
        "j5": -3.1281140486346644
    }
}