{
    "show": true,
    "active": false,
    "child_frame": "pos7",
    "parent_frame": "locked_aruco_0",
    "transform": {
        "translation": {
            "x": -0.3359033211861024,
            "y": -0.2412655774193294,
            "z": 0.15778556142412242
        },
        "rotation": {
            "x": 0.008761987280584119,
            "y": 0.16133985635394268,
            "z": 0.5286997107605041,
            "w": 0.833288241950133
        }
    },
    "preferred_joint_configuration": {
        "j0": 0.6731951236724854,
        "j1": -0.379424051647522,
        "j2": 1.5642507711993616,
        "j3": -2.759951730767721,
        "j4": -1.5344679991351526,
        "j5": -2.132160488759176
    }
}