{
    "show": true,
    "active": false,
    "child_frame": "pos8",
    "parent_frame": "locked_aruco_0",
    "transform": {
        "translation": {
            "x": -0.244616740527497,
            "y": -0.24073541168453888,
            "z": 0.17181046051201976
        },
        "rotation": {
            "x": 0.00883194544924141,
            "y": 0.17954794791389517,
            "z": 0.470564805521806,
            "w": 0.8638595342668365
        }
    },
    "preferred_joint_configuration": {
        "j0": 0.5640733242034912,
        "j1": -0.3601173919490357,
        "j2": 1.2001155058490198,
        "j3": -2.385979791680807,
        "j4": -1.5314567724811,
        "j5": -2.1022241751300257
    }
}