{
    "show": true,
    "active": false,
    "child_frame": "test5",
    "parent_frame": "base",
    "transform": {
        "translation": {
            "x": -0.28090737888299355,
            "y": -0.22454116761181828,
            "z": -0.2003504086885597
        },
        "rotation": {
            "x": 0.010018602904129079,
            "y": 0.036722647827534885,
            "z": -0.6431096730927732,
            "w": 0.7648274466223677
        }
    },
    "preferred_joint_configuration": {
        "j0": 0.17180579900741577,
        "j1": -0.374056414966919,
        "j2": 1.9643104712115687,
        "j3": -3.1930867634215296,
        "j4": 4.643296241760254,
        "j5": -3.143367592488424
    }
}